user_id,reel_id,watch_time,watch_percentage,liked,shared,saved,clicked,purchased,category,brand,timestamp
103,424,20,9,1,0,0,1,1,Home,Titan,2024-10-17 18:32:00
180,369,38,87,1,0,1,1,1,Fashion,Titan,2024-06-25 20:00:00
93,236,4,38,1,0,0,0,0,Beauty,Zara,2024-09-27 08:16:00
15,83,16,14,0,0,0,0,0,Sports,Titan,2024-04-22 12:08:00
107,42,15,93,0,0,0,1,0,Shoes,Apple,2024-02-24 18:18:00
72,425,31,6,1,0,1,0,0,Fashion,H&M,2024-02-16 12:45:00
189,101,14,15,1,1,1,0,0,Electronics,Apple,2024-01-27 00:53:00
21,6,41,54,1,0,1,1,0,Shoes,Zara,2024-05-19 11:47:00
103,180,4,35,0,1,1,0,1,Fashion,Adidas,2024-04-26 07:02:00
122,282,34,60,1,0,1,1,1,Home,Apple,2024-01-08 03:32:00
75,320,15,83,0,0,1,1,0,Electronics,Titan,2024-09-03 04:41:00
88,226,48,77,1,1,0,1,1,Home,Puma,2024-04-20 17:17:00
117,443,29,91,1,1,1,1,1,Sports,Boat,2024-10-12 00:23:00
100,440,51,87,1,0,1,1,0,Fashion,H&M,2024-03-11 15:35:00
104,315,43,13,0,1,0,0,0,Home,Titan,2024-01-16 21:52:00
152,365,19,25,0,1,1,0,1,Sports,Puma,2024-12-10 05:11:00
131,454,42,77,1,1,1,0,0,Fashion,Zara,2024-12-10 06:13:00
150,229,33,32,0,1,0,0,1,Fashion,Samsung,2024-02-26 02:11:00
53,377,36,66,1,0,0,1,0,Home,Puma,2024-05-10 07:24:00
2,289,26,11,0,1,0,1,1,Fashion,Roadster,2024-03-15 12:13:00
88,437,47,84,0,0,1,0,1,Shoes,Samsung,2024-03-09 19:23:00
158,150,37,20,0,0,0,1,1,Fashion,Nike,2024-03-19 22:15:00
38,277,50,8,1,0,1,0,1,Beauty,H&M,2024-10-13 10:52:00
130,198,8,8,0,0,1,0,0,Sports,Titan,2024-03-08 16:19:00
192,70,21,44,0,1,1,0,0,Fashion,Nike,2024-10-03 21:50:00
188,112,32,21,1,1,1,1,1,Beauty,Apple,2024-06-03 21:57:00
21,4,9,56,1,0,0,1,1,Fashion,Zara,2024-06-10 14:02:00
161,350,12,97,1,0,0,1,0,Fashion,H&M,2024-10-24 20:06:00
58,331,43,56,1,0,1,1,0,Home,Adidas,2024-11-12 05:23:00
22,446,34,40,0,0,0,0,1,Shoes,Samsung,2024-06-08 03:31:00
89,318,36,42,0,1,1,1,1,Sports,Adidas,2024-09-16 14:39:00
49,350,30,54,0,0,1,1,1,Shoes,Nike,2024-04-26 08:38:00
59,95,17,67,0,1,1,1,1,Electronics,Puma,2024-11-14 14:13:00
170,152,32,67,0,0,0,0,1,Home,Puma,2024-07-24 20:12:00
188,311,39,66,1,0,1,0,0,Home,Zara,2024-03-15 12:58:00
15,137,31,11,0,0,1,1,1,Shoes,Nike,2024-11-25 13:11:00
190,247,24,31,0,0,0,1,0,Home,Boat,2024-07-19 08:00:00
190,387,6,96,0,1,0,1,0,Shoes,H&M,2024-07-03 13:45:00
175,243,22,90,1,1,0,1,0,Home,Samsung,2024-03-01 12:12:00
190,31,34,18,1,1,0,0,1,Fashion,Puma,2024-07-23 22:23:00
51,40,38,75,0,0,1,1,0,Shoes,Puma,2024-04-10 06:18:00
108,229,52,90,1,0,0,1,0,Shoes,Adidas,2024-05-03 02:14:00
55,36,6,9,1,1,1,1,0,Beauty,Adidas,2024-02-21 11:23:00
64,408,29,59,1,1,0,0,0,Home,Titan,2024-11-08 04:22:00
131,223,19,6,1,0,0,0,1,Home,Apple,2024-06-07 07:27:00
51,6,14,66,1,0,0,1,1,Shoes,Boat,2024-01-15 22:18:00
135,322,24,95,1,1,0,1,0,Fashion,Adidas,2024-02-18 17:58:00
21,468,19,25,1,0,0,1,0,Fashion,Adidas,2024-12-10 08:06:00
73,220,12,83,0,0,0,1,1,Sports,H&M,2024-01-19 21:17:00
167,75,56,25,0,1,1,1,1,Fashion,Titan,2024-04-15 09:51:00
18,4,3,14,1,0,0,0,1,Home,Adidas,2024-12-01 16:57:00
132,335,24,91,0,1,0,0,0,Beauty,Samsung,2024-03-16 12:55:00
89,134,28,62,0,0,0,0,1,Shoes,H&M,2024-07-18 10:16:00
60,118,58,43,1,1,0,1,0,Electronics,Apple,2024-08-11 10:48:00
14,369,20,9,0,0,1,0,0,Beauty,Nike,2024-08-24 08:01:00
9,94,52,69,1,1,0,0,1,Electronics,H&M,2024-07-30 04:28:00
90,486,16,17,1,1,0,0,0,Beauty,Nike,2024-04-21 21:00:00
53,435,49,89,1,1,0,1,1,Fashion,Puma,2024-03-18 02:30:00
130,62,31,94,0,1,0,1,0,Home,Titan,2024-08-07 23:50:00
84,441,14,89,0,0,1,0,1,Electronics,Apple,2024-08-26 10:11:00
92,194,38,57,0,0,0,1,0,Beauty,Titan,2024-10-05 23:52:00
111,335,37,86,0,1,1,0,0,Home,Apple,2024-03-22 12:39:00
188,203,54,49,1,0,0,0,1,Electronics,Titan,2024-02-09 09:47:00
199,392,14,36,1,0,1,0,1,Shoes,H&M,2024-02-01 17:52:00
172,26,9,40,0,0,1,0,1,Beauty,Titan,2024-10-04 10:09:00
8,435,31,85,1,0,0,1,1,Shoes,Roadster,2024-08-19 22:04:00
175,173,13,64,1,0,0,1,0,Fashion,Apple,2024-03-28 01:02:00
35,300,35,15,0,1,1,1,1,Shoes,Nike,2024-03-04 08:28:00
81,133,8,67,1,1,1,1,1,Shoes,Apple,2024-08-21 16:17:00
164,326,49,25,0,1,0,0,0,Sports,Puma,2024-12-04 16:27:00
50,410,17,56,1,1,1,1,1,Beauty,Samsung,2024-03-04 22:51:00
104,118,34,59,0,0,1,0,1,Fashion,Roadster,2024-08-29 16:58:00
132,324,53,30,1,0,1,1,0,Shoes,Zara,2024-05-06 07:42:00
2,275,13,72,1,1,0,1,1,Home,Apple,2024-09-13 03:42:00
134,212,60,38,0,0,1,1,1,Electronics,Adidas,2024-10-11 23:03:00
54,225,25,56,0,0,1,0,1,Shoes,H&M,2024-06-19 23:42:00
106,20,28,86,0,1,1,0,1,Fashion,H&M,2024-05-29 00:00:00
4,113,36,97,0,0,0,0,1,Shoes,Titan,2024-01-09 00:19:00
54,140,48,56,1,1,0,0,1,Electronics,Titan,2024-05-03 11:53:00
191,47,36,33,1,1,1,1,0,Fashion,H&M,2024-08-02 03:23:00
146,1,31,42,0,0,0,0,1,Beauty,Boat,2024-10-10 06:28:00
44,90,6,46,1,0,1,0,0,Fashion,Roadster,2024-11-27 03:52:00
162,142,19,25,0,1,0,1,0,Beauty,Roadster,2024-07-10 07:18:00
190,320,37,46,0,1,0,1,0,Fashion,Nike,2024-10-19 22:31:00
14,38,15,17,1,0,1,0,0,Electronics,Apple,2024-07-06 12:47:00
95,293,43,68,1,1,0,1,1,Electronics,Zara,2024-10-19 21:03:00
48,382,41,21,0,1,0,0,1,Fashion,H&M,2024-10-10 22:05:00
15,139,17,13,0,1,0,1,1,Shoes,Apple,2024-02-10 06:48:00
200,356,57,45,0,0,1,0,0,Electronics,Roadster,2024-11-26 21:32:00
190,333,31,5,1,1,0,0,1,Beauty,Puma,2024-09-08 00:22:00
40,491,31,6,1,0,0,0,1,Beauty,H&M,2024-10-18 14:44:00
82,259,13,64,1,1,1,0,1,Home,Apple,2024-04-08 13:32:00
111,161,54,52,1,0,0,0,0,Sports,Roadster,2024-10-12 04:14:00
53,390,34,33,0,1,0,1,0,Sports,Samsung,2024-02-16 17:40:00
24,178,4,14,0,0,0,0,1,Sports,Roadster,2024-09-28 19:27:00
154,10,49,62,0,0,0,0,0,Beauty,Titan,2024-11-18 18:01:00
188,261,16,64,0,0,0,0,0,Home,Adidas,2024-07-15 12:26:00
124,407,22,25,0,1,1,0,1,Sports,Boat,2024-05-12 20:05:00
41,138,24,32,0,1,1,0,0,Sports,Boat,2024-07-30 11:16:00
157,172,13,79,1,1,0,1,0,Fashion,Titan,2024-09-18 10:20:00
15,386,29,38,1,0,0,1,1,Fashion,Titan,2024-03-09 17:31:00
45,13,5,12,0,1,0,0,0,Fashion,H&M,2024-11-16 22:02:00
65,168,19,63,0,0,1,1,0,Shoes,Samsung,2024-01-27 21:44:00
89,130,46,90,1,1,1,0,0,Sports,Samsung,2024-09-19 15:46:00
71,84,58,76,1,0,0,1,0,Shoes,H&M,2024-08-09 22:26:00
9,321,30,53,1,0,0,1,0,Home,Apple,2024-09-28 16:14:00
88,319,31,83,1,0,1,0,0,Beauty,H&M,2024-02-29 17:10:00
129,101,23,21,0,1,0,1,0,Sports,Zara,2024-09-23 12:54:00
136,329,49,64,0,1,1,1,0,Beauty,Zara,2024-09-13 07:01:00
63,273,18,91,0,1,1,0,1,Fashion,Boat,2024-06-12 04:15:00
139,265,39,92,0,0,0,0,1,Sports,Roadster,2024-01-03 12:50:00
81,459,22,49,0,0,1,1,1,Electronics,H&M,2024-02-01 07:57:00
136,399,8,87,1,1,0,1,1,Shoes,H&M,2024-09-02 09:48:00
163,408,21,73,0,1,0,1,0,Shoes,Apple,2024-11-05 17:08:00
163,38,59,36,1,1,0,0,1,Sports,Nike,2024-07-03 06:14:00
33,419,7,48,0,0,0,1,1,Fashion,Boat,2024-02-03 09:53:00
123,94,5,69,0,0,0,1,0,Shoes,Boat,2024-04-07 03:01:00
5,95,3,91,0,0,0,1,0,Fashion,Boat,2024-01-23 07:25:00
41,305,60,12,0,0,1,0,0,Home,Roadster,2024-06-08 13:27:00
28,69,40,81,0,0,1,0,0,Beauty,Titan,2024-09-29 07:44:00
135,318,17,76,1,1,1,0,0,Electronics,Puma,2024-10-12 04:35:00
72,444,36,91,1,0,1,0,1,Beauty,Nike,2024-04-25 14:50:00
12,236,37,47,1,0,0,1,0,Beauty,Roadster,2024-09-16 18:08:00
162,434,51,5,0,0,1,0,1,Home,Zara,2024-05-03 17:17:00
33,334,27,55,0,0,1,1,1,Shoes,Apple,2024-01-14 00:48:00
48,373,26,28,1,0,1,1,0,Electronics,Titan,2024-05-05 17:13:00
151,376,14,28,0,1,0,1,1,Shoes,Zara,2024-08-26 08:43:00
62,459,20,21,0,0,1,1,1,Sports,Titan,2024-06-25 06:07:00
37,137,17,9,1,0,0,0,0,Beauty,Samsung,2024-04-20 09:17:00
99,418,46,24,0,0,1,0,1,Sports,Boat,2024-03-01 17:01:00
172,76,18,25,1,1,0,0,1,Fashion,Titan,2024-05-13 10:34:00
104,483,29,62,0,1,0,0,1,Beauty,Adidas,2024-07-05 19:59:00
35,35,10,35,1,1,1,0,0,Shoes,Boat,2024-05-05 23:03:00
193,1,48,15,0,0,0,1,0,Beauty,Boat,2024-06-02 04:06:00
101,296,27,56,0,1,0,0,0,Fashion,Apple,2024-05-17 14:19:00
175,320,19,19,1,0,1,0,1,Home,Nike,2024-02-19 07:37:00
131,406,31,87,0,0,1,0,0,Sports,Zara,2024-07-17 15:56:00
1,60,55,11,0,1,1,0,1,Sports,Titan,2024-01-15 20:00:00
5,320,10,32,1,0,0,1,0,Shoes,Titan,2024-08-08 03:11:00
142,349,17,55,0,0,0,1,1,Beauty,Samsung,2024-03-03 18:05:00
103,328,29,62,1,0,0,1,0,Shoes,Boat,2024-02-29 08:28:00
27,267,48,9,0,1,1,1,0,Home,H&M,2024-06-27 13:37:00
137,361,52,9,0,0,0,1,1,Beauty,Puma,2024-07-28 01:55:00
15,229,54,98,0,0,0,0,0,Beauty,H&M,2024-02-08 18:23:00
90,270,9,100,0,1,0,1,1,Shoes,Titan,2024-07-27 10:56:00
42,316,5,12,1,0,0,1,0,Shoes,H&M,2024-06-20 12:31:00
124,286,31,68,0,0,0,1,0,Fashion,Apple,2024-05-27 13:38:00
179,291,46,14,1,1,0,0,1,Home,Adidas,2024-01-14 01:27:00
63,213,55,42,0,0,0,0,1,Fashion,Titan,2024-10-08 05:43:00
96,165,26,100,0,0,1,1,1,Sports,Titan,2024-04-06 15:03:00
52,5,60,96,0,0,1,0,0,Beauty,Adidas,2024-02-07 02:13:00
96,339,5,85,0,0,1,0,1,Shoes,Zara,2024-04-19 04:21:00
132,379,22,99,1,0,0,1,0,Beauty,Adidas,2024-01-11 19:00:00
151,78,48,12,1,1,0,0,1,Beauty,H&M,2024-06-10 07:24:00
143,410,17,29,1,1,1,0,1,Electronics,Apple,2024-02-18 18:48:00
171,62,27,77,1,1,0,0,1,Sports,Samsung,2024-06-24 08:35:00
29,132,32,70,0,1,1,1,1,Electronics,Zara,2024-06-03 17:29:00
36,89,16,83,1,0,0,1,1,Beauty,Roadster,2024-03-17 17:34:00
13,237,9,54,1,0,0,1,1,Shoes,Samsung,2024-06-22 08:43:00
160,42,19,71,0,0,1,0,0,Beauty,Nike,2024-02-29 07:55:00
71,89,46,53,0,0,1,1,1,Sports,Nike,2024-01-14 17:47:00
187,402,22,40,0,0,1,0,0,Electronics,Nike,2024-07-15 14:46:00
86,296,38,72,0,1,1,0,1,Shoes,Nike,2024-06-23 03:28:00
28,328,11,82,1,1,1,0,1,Beauty,Apple,2024-01-16 16:46:00
66,295,40,45,1,0,0,1,1,Home,Samsung,2024-06-28 14:32:00
170,104,50,93,0,0,0,1,0,Sports,Boat,2024-10-07 02:46:00
45,14,59,66,0,0,0,1,0,Sports,Puma,2024-11-28 17:45:00
62,288,24,14,0,1,1,1,1,Home,Zara,2024-06-21 13:35:00
185,179,56,25,1,0,1,0,0,Beauty,Roadster,2024-06-11 09:47:00
134,125,55,40,1,0,1,1,1,Sports,H&M,2024-03-18 22:23:00
28,422,55,16,0,0,1,0,1,Shoes,Titan,2024-02-02 14:16:00
28,353,4,95,0,1,1,1,0,Beauty,Nike,2024-03-05 18:46:00
108,23,26,6,1,0,1,1,0,Beauty,Roadster,2024-10-06 00:49:00
44,63,10,17,0,1,0,1,0,Electronics,Titan,2024-10-12 02:54:00
84,143,13,57,0,1,0,0,0,Sports,Puma,2024-11-26 02:39:00
30,481,15,36,1,1,0,0,1,Sports,Roadster,2024-01-26 23:01:00
190,153,19,99,0,1,0,0,0,Home,Samsung,2024-09-23 09:29:00
75,145,10,20,1,1,0,0,0,Electronics,Roadster,2024-12-01 19:23:00
128,225,23,36,0,1,1,0,1,Electronics,Nike,2024-07-20 12:58:00
92,495,20,36,0,0,1,1,0,Sports,Puma,2024-10-14 08:51:00
190,450,32,15,1,0,1,0,0,Beauty,H&M,2024-01-31 16:34:00
129,462,20,14,1,0,1,0,0,Electronics,Boat,2024-05-05 07:29:00
121,309,48,19,0,1,1,0,0,Home,Adidas,2024-07-19 16:37:00
27,104,49,21,1,0,1,0,1,Electronics,Nike,2024-08-21 05:43:00
190,104,33,44,0,1,0,1,1,Home,Titan,2024-04-15 08:53:00
121,435,40,22,0,1,1,0,0,Electronics,Puma,2024-05-06 02:05:00
116,39,34,59,1,1,1,1,0,Home,Samsung,2024-03-23 10:44:00
3,435,13,77,0,0,1,1,1,Electronics,Apple,2024-06-14 02:57:00
103,198,47,29,0,1,1,1,0,Electronics,Puma,2024-04-26 08:47:00
198,134,27,63,1,1,0,0,0,Shoes,Titan,2024-01-10 12:23:00
200,67,35,82,1,0,0,1,0,Home,Adidas,2024-11-05 22:16:00
155,391,40,93,0,0,1,0,0,Home,Adidas,2024-10-21 11:11:00
137,179,43,26,1,1,0,0,0,Home,Zara,2024-10-20 14:21:00
62,456,10,34,1,1,0,0,0,Fashion,Boat,2024-11-13 00:57:00
165,42,13,88,1,0,1,0,0,Electronics,Titan,2024-09-20 15:15:00
51,448,24,89,1,0,1,0,0,Home,Adidas,2024-02-10 14:13:00
172,500,53,48,0,0,1,1,0,Sports,Zara,2024-03-02 10:38:00
152,15,26,36,0,1,1,1,1,Fashion,Zara,2024-07-24 01:45:00
59,111,43,55,0,0,1,0,1,Shoes,Zara,2024-05-09 21:43:00
118,157,19,50,1,0,0,1,1,Home,Puma,2024-09-18 10:00:00
160,289,14,25,1,0,1,0,0,Home,Zara,2024-06-14 13:31:00
96,500,59,36,1,1,1,1,0,Fashion,Nike,2024-10-06 19:32:00
180,478,48,98,1,0,1,1,1,Electronics,Titan,2024-07-24 04:53:00
113,231,34,43,1,0,0,1,0,Sports,Nike,2024-02-02 16:58:00
62,411,17,16,1,0,1,1,1,Shoes,Apple,2024-09-14 08:19:00
186,420,18,51,1,0,1,1,0,Home,Adidas,2024-09-30 03:48:00
52,157,56,22,0,0,1,0,1,Electronics,Boat,2024-02-06 02:30:00
12,38,24,25,0,1,0,0,1,Sports,Zara,2024-08-17 21:45:00
39,441,30,17,1,1,1,1,1,Sports,Samsung,2024-04-26 09:30:00
130,97,22,25,1,1,1,0,0,Shoes,Samsung,2024-03-10 20:12:00
131,485,35,12,1,0,1,1,1,Beauty,Adidas,2024-12-08 00:15:00
113,411,12,50,0,1,0,0,0,Sports,Apple,2024-06-13 13:41:00
101,439,42,11,0,1,1,1,0,Beauty,Samsung,2024-07-06 01:17:00
113,289,34,27,1,1,1,1,0,Sports,Nike,2024-03-27 14:13:00
184,254,52,100,1,0,1,1,0,Shoes,Roadster,2024-05-01 17:35:00
81,196,35,79,0,0,0,0,0,Fashion,Puma,2024-09-02 16:39:00
187,86,4,90,0,1,1,0,0,Shoes,H&M,2024-06-30 14:18:00
113,322,35,26,0,1,1,1,0,Shoes,Samsung,2024-08-17 12:35:00
2,10,35,93,0,0,1,1,1,Fashion,Boat,2024-02-17 09:54:00
130,5,43,26,1,0,0,0,1,Fashion,Zara,2024-09-13 22:37:00
54,123,15,96,0,1,0,0,1,Electronics,Boat,2024-07-03 21:58:00
87,330,32,33,0,0,1,0,0,Sports,Titan,2024-09-02 12:52:00
129,353,35,17,1,1,0,0,0,Electronics,Puma,2024-01-28 12:01:00
147,118,15,86,0,0,0,0,0,Fashion,Nike,2024-08-21 08:33:00
126,294,54,6,0,1,0,1,0,Beauty,Apple,2024-07-11 22:34:00
130,397,28,33,0,1,1,0,1,Beauty,Puma,2024-07-02 08:53:00
53,159,24,89,1,0,1,1,0,Shoes,H&M,2024-09-02 09:43:00
172,303,41,83,0,1,0,1,1,Home,Roadster,2024-08-25 14:56:00
160,228,4,56,1,1,0,0,0,Shoes,Samsung,2024-01-09 09:02:00
198,365,40,31,1,1,0,0,1,Shoes,Apple,2024-08-22 09:30:00
160,216,41,54,0,0,1,1,0,Home,Apple,2024-06-04 18:29:00
68,436,28,99,0,0,1,0,1,Sports,Samsung,2024-04-25 03:23:00
183,184,48,83,0,0,0,1,0,Fashion,Samsung,2024-04-04 14:25:00
184,15,60,27,0,1,0,0,1,Beauty,Samsung,2024-04-08 07:13:00
123,157,52,92,1,0,0,0,0,Shoes,Samsung,2024-03-09 22:30:00
145,136,17,48,0,1,0,0,1,Home,Samsung,2024-08-16 04:09:00
38,261,36,81,0,1,1,1,1,Electronics,Apple,2024-05-15 04:32:00
24,157,44,26,0,0,0,0,0,Shoes,Adidas,2024-02-29 00:21:00
69,47,57,47,1,0,1,1,1,Beauty,Adidas,2024-11-19 01:33:00
116,324,46,41,0,1,0,0,0,Fashion,Boat,2024-03-13 13:10:00
98,332,51,65,0,1,0,1,0,Shoes,Adidas,2024-04-20 14:37:00
198,173,42,60,1,0,0,0,0,Shoes,H&M,2024-03-02 17:27:00
139,130,13,7,1,0,0,1,1,Sports,Adidas,2024-08-26 16:06:00
144,411,5,67,0,0,0,1,1,Home,Apple,2024-10-30 17:25:00
97,95,8,23,0,1,1,1,0,Electronics,Samsung,2024-08-04 03:36:00
124,115,11,27,0,1,0,1,0,Electronics,Zara,2024-04-08 14:52:00
187,243,8,33,0,1,0,1,1,Fashion,Zara,2024-08-11 00:34:00
70,420,11,34,0,1,0,1,1,Beauty,H&M,2024-05-24 08:26:00
93,292,41,43,1,1,1,0,1,Fashion,Titan,2024-07-18 01:09:00
3,282,33,29,1,0,1,1,0,Shoes,Apple,2024-03-03 00:19:00
148,299,34,12,0,0,1,1,0,Shoes,Nike,2024-09-12 08:48:00
187,283,43,62,0,1,1,1,0,Electronics,Puma,2024-09-30 19:23:00
164,69,52,20,1,1,0,0,0,Beauty,Boat,2024-07-15 08:31:00
147,148,14,76,0,0,0,0,0,Home,Nike,2024-06-16 00:11:00
90,11,10,5,0,0,0,0,1,Beauty,Apple,2024-02-12 18:37:00
195,254,10,9,0,0,1,1,0,Shoes,Adidas,2024-06-28 00:48:00
147,330,52,7,0,0,0,0,1,Home,Samsung,2024-08-21 19:38:00
148,360,30,69,0,1,0,0,1,Beauty,Nike,2024-11-02 18:17:00
96,38,22,8,1,0,1,1,0,Beauty,Puma,2024-06-18 03:14:00
199,134,49,100,0,1,1,1,1,Home,Titan,2024-07-11 14:11:00
52,200,9,68,0,0,1,0,0,Shoes,Zara,2024-06-11 11:43:00
161,23,13,93,0,0,0,1,1,Beauty,Titan,2024-07-03 19:29:00
168,303,22,14,1,0,0,1,0,Home,Puma,2024-04-30 22:04:00
128,346,18,25,1,1,1,1,0,Sports,Samsung,2024-04-14 14:35:00
39,302,6,50,1,1,0,1,1,Sports,Adidas,2024-05-03 21:14:00
82,363,8,95,1,0,1,0,0,Shoes,Puma,2024-12-10 11:38:00
104,396,60,31,0,1,1,1,1,Home,Boat,2024-05-13 13:17:00
129,218,24,70,1,1,0,0,0,Sports,Puma,2024-08-05 19:38:00
11,141,28,45,0,0,1,0,0,Home,Apple,2024-07-13 23:12:00
185,104,5,17,0,0,1,0,0,Beauty,Adidas,2024-12-11 18:11:00
178,446,43,13,1,1,1,0,1,Shoes,Samsung,2024-11-15 18:38:00
151,210,44,40,1,1,0,1,1,Sports,Zara,2024-12-03 00:54:00
159,473,16,90,1,1,1,1,0,Beauty,Zara,2024-08-19 13:51:00
42,481,13,94,1,0,1,1,1,Fashion,Puma,2024-05-10 18:17:00
99,111,20,62,1,0,1,0,0,Fashion,Apple,2024-11-20 10:50:00
7,104,56,58,0,1,1,0,1,Shoes,Nike,2024-06-24 12:53:00
144,316,14,16,1,0,1,0,1,Sports,Titan,2024-07-13 00:05:00
90,171,25,85,1,0,1,1,0,Sports,Titan,2024-08-03 17:30:00
112,460,14,82,1,1,1,0,0,Sports,Titan,2024-07-15 14:32:00
60,492,15,18,0,1,0,1,0,Home,Nike,2024-09-27 17:01:00
113,356,27,38,1,0,0,1,0,Beauty,Apple,2024-05-28 09:18:00
2,496,47,57,0,0,1,1,0,Sports,Titan,2024-10-19 11:13:00
129,324,53,24,1,1,0,1,1,Beauty,Boat,2024-11-12 10:11:00
48,133,60,79,1,0,0,0,1,Shoes,Nike,2024-05-05 09:40:00
140,376,21,20,0,0,1,1,0,Sports,Nike,2024-06-30 18:56:00
197,293,57,99,1,1,0,0,0,Shoes,Samsung,2024-04-30 01:43:00
37,328,48,74,0,1,1,1,0,Sports,Samsung,2024-10-29 21:09:00
160,127,38,60,0,0,1,0,1,Fashion,Adidas,2024-11-01 22:03:00
9,106,47,87,0,0,1,0,0,Electronics,Boat,2024-05-04 14:12:00
99,497,10,62,1,0,1,1,0,Shoes,Boat,2024-03-12 11:51:00
147,92,31,8,1,1,1,1,1,Sports,Adidas,2024-09-14 06:10:00
48,287,57,8,1,0,0,1,1,Electronics,Boat,2024-11-29 00:34:00
131,378,55,24,0,0,1,0,1,Shoes,H&M,2024-07-31 07:45:00
148,393,57,14,1,1,0,1,1,Home,Roadster,2024-05-23 18:28:00
152,51,34,28,0,1,1,1,0,Sports,Titan,2024-02-20 02:58:00
54,29,53,30,1,0,1,0,1,Home,Samsung,2024-05-30 06:23:00
120,462,46,41,0,1,1,1,1,Fashion,Adidas,2024-04-20 23:46:00
161,296,20,89,0,1,0,0,0,Sports,Adidas,2024-10-30 03:26:00
152,297,8,58,0,0,1,1,0,Fashion,Boat,2024-02-18 12:53:00
116,214,20,25,1,1,1,0,0,Electronics,Nike,2024-08-30 07:43:00
75,267,21,78,0,1,1,0,1,Shoes,Zara,2024-08-03 15:11:00
113,407,24,42,0,0,1,1,0,Beauty,Puma,2024-07-10 05:05:00
200,257,39,50,0,1,0,0,1,Fashion,Puma,2024-10-01 23:15:00
164,302,34,8,0,0,1,1,1,Beauty,Adidas,2024-07-10 05:35:00
166,101,58,64,0,0,0,1,1,Beauty,Titan,2024-06-27 06:02:00
104,405,43,61,0,1,1,0,0,Shoes,H&M,2024-06-14 21:26:00
84,346,5,49,1,1,0,1,1,Electronics,Titan,2024-10-29 13:51:00
112,110,30,24,1,1,0,0,0,Shoes,Adidas,2024-10-14 18:24:00
99,420,12,21,0,0,1,0,0,Sports,Titan,2024-10-22 17:20:00
153,182,53,75,1,1,1,0,0,Fashion,Samsung,2024-04-08 09:47:00
93,471,37,8,1,0,0,0,1,Beauty,Titan,2024-01-07 22:04:00
146,313,31,97,0,1,1,0,1,Shoes,Boat,2024-10-19 08:41:00
128,1,56,18,0,1,1,0,1,Shoes,Boat,2024-06-06 00:38:00
110,319,17,7,0,1,1,0,0,Shoes,H&M,2024-05-28 12:29:00
82,438,35,92,1,0,0,0,1,Fashion,Samsung,2024-05-29 21:42:00
194,55,9,84,0,1,1,1,1,Electronics,Zara,2024-05-24 10:40:00
54,371,14,62,1,1,1,1,1,Shoes,Nike,2024-01-09 13:36:00
163,424,51,59,0,0,1,0,1,Fashion,Samsung,2024-08-23 20:19:00
189,399,32,8,1,0,0,1,1,Beauty,Apple,2024-10-19 02:28:00
169,149,23,28,0,1,1,1,0,Sports,Roadster,2024-02-27 02:12:00
161,431,33,38,0,1,0,1,0,Home,Adidas,2024-08-22 09:23:00
68,457,60,34,1,1,1,1,0,Fashion,Apple,2024-02-01 15:51:00
33,309,26,86,1,0,0,1,0,Home,H&M,2024-08-12 22:14:00
142,137,22,23,1,0,1,1,1,Shoes,Apple,2024-09-01 23:52:00
21,202,39,35,1,0,1,0,0,Shoes,Boat,2024-09-05 19:18:00
48,436,6,64,1,0,0,1,1,Fashion,Titan,2024-10-24 16:30:00
148,313,30,64,1,1,0,1,0,Home,Nike,2024-03-09 10:17:00
128,117,46,23,0,0,0,1,0,Shoes,Puma,2024-08-13 13:36:00
136,154,22,53,1,0,1,1,0,Beauty,Adidas,2024-07-19 22:52:00
135,425,26,67,0,0,1,0,1,Electronics,Puma,2024-01-11 00:29:00
195,291,52,87,0,1,1,0,1,Electronics,Titan,2024-02-28 12:54:00
145,63,51,26,1,1,1,0,0,Shoes,Boat,2024-11-16 03:44:00
128,244,53,28,0,0,0,0,1,Home,Boat,2024-11-26 15:02:00
33,25,34,80,1,0,1,1,0,Sports,Titan,2024-09-19 07:21:00
176,90,43,34,1,1,1,0,0,Shoes,Adidas,2024-05-07 20:07:00
187,75,38,62,0,1,1,0,0,Sports,Puma,2024-08-31 04:58:00
115,294,60,35,0,1,1,0,1,Sports,Samsung,2024-08-17 22:00:00
119,386,55,68,1,1,1,0,0,Home,Boat,2024-05-27 04:59:00
22,391,36,23,1,1,1,1,0,Sports,Puma,2024-08-09 21:22:00
158,210,38,52,0,1,1,0,0,Beauty,Zara,2024-01-26 21:50:00
38,475,4,49,0,1,0,1,1,Home,Puma,2024-03-11 17:07:00
109,418,17,98,0,1,1,0,0,Shoes,Zara,2024-11-27 04:19:00
51,347,36,59,0,0,1,1,1,Beauty,Zara,2024-05-18 19:39:00
182,17,38,59,1,0,1,1,0,Fashion,Boat,2024-10-24 13:12:00
8,128,8,22,1,0,1,0,1,Electronics,Adidas,2024-05-24 02:20:00
27,427,41,67,1,0,0,0,0,Shoes,H&M,2024-03-10 08:22:00
27,443,44,96,1,0,0,0,0,Shoes,Boat,2024-12-10 14:10:00
21,364,53,51,0,0,0,0,1,Shoes,Adidas,2024-07-28 01:13:00
30,251,53,79,0,1,0,1,1,Beauty,Adidas,2024-08-05 18:12:00
97,179,60,61,1,1,0,1,0,Fashion,Apple,2024-09-15 18:46:00
28,182,56,49,1,0,0,0,1,Home,Titan,2024-10-25 21:43:00
111,152,14,37,1,0,1,0,0,Fashion,Titan,2024-02-04 21:35:00
192,25,5,21,1,1,0,1,0,Beauty,Titan,2024-09-12 12:48:00
197,455,47,74,1,1,0,0,0,Shoes,Roadster,2024-06-03 14:03:00
61,180,20,8,1,1,1,1,1,Electronics,Boat,2024-07-04 19:13:00
48,198,42,24,1,0,0,0,0,Shoes,Adidas,2024-01-30 11:18:00
147,344,23,51,1,1,1,1,1,Home,Apple,2024-06-16 16:42:00
4,161,17,95,1,0,1,1,0,Sports,Zara,2024-06-16 13:50:00
35,177,35,19,0,0,0,1,1,Electronics,H&M,2024-06-30 07:24:00
192,285,37,74,1,1,1,1,1,Shoes,H&M,2024-12-05 06:55:00
49,63,28,51,0,1,0,1,0,Electronics,Zara,2024-07-06 12:13:00
17,491,10,82,0,0,0,0,1,Sports,Puma,2024-12-09 09:16:00
172,150,38,79,1,1,1,1,0,Fashion,Puma,2024-05-10 12:14:00
158,154,50,13,1,1,1,0,0,Beauty,Titan,2024-11-30 03:13:00
46,156,32,94,0,0,0,1,0,Shoes,Boat,2024-07-19 01:42:00
117,370,25,20,0,1,1,1,0,Home,Roadster,2024-05-24 00:14:00
6,469,44,73,1,0,1,0,0,Fashion,Apple,2024-10-13 19:04:00
99,49,46,65,0,0,0,0,1,Shoes,H&M,2024-06-06 22:02:00
124,455,16,14,1,1,0,0,0,Fashion,Titan,2024-04-19 04:17:00
37,337,16,54,1,0,1,0,1,Home,Nike,2024-08-22 13:26:00
24,84,4,7,1,0,0,1,1,Shoes,Titan,2024-01-19 08:42:00
93,361,57,81,0,1,0,0,0,Sports,Nike,2024-02-26 21:48:00
46,177,39,98,0,1,0,1,1,Sports,Samsung,2024-06-25 20:17:00
181,148,7,74,1,1,0,0,0,Home,Adidas,2024-07-18 19:40:00
95,118,40,85,0,0,0,0,1,Electronics,Zara,2024-02-22 15:11:00
99,342,47,55,0,0,0,1,1,Home,Adidas,2024-01-30 10:46:00
188,476,43,23,0,1,0,1,1,Electronics,Titan,2024-01-29 03:24:00
116,63,56,46,0,0,1,0,0,Shoes,Adidas,2024-04-17 05:24:00
191,189,49,39,0,1,0,1,1,Electronics,Apple,2024-03-17 12:00:00
160,360,16,50,0,1,1,1,0,Shoes,Samsung,2024-04-11 23:16:00
161,49,58,30,0,0,1,1,1,Shoes,Roadster,2024-04-20 03:55:00
67,327,41,73,1,1,1,1,1,Beauty,Samsung,2024-11-29 22:51:00
128,257,27,97,0,0,0,1,1,Shoes,H&M,2024-04-26 06:42:00
18,224,22,68,0,0,0,1,1,Electronics,Apple,2024-07-04 13:26:00
25,141,4,41,0,1,1,1,0,Beauty,Adidas,2024-02-01 00:05:00
54,478,41,88,0,0,0,1,0,Beauty,Roadster,2024-09-24 07:03:00
58,215,8,53,0,1,1,0,1,Shoes,Adidas,2024-07-06 01:48:00
67,435,19,25,0,0,0,1,1,Home,Boat,2024-10-04 11:48:00
104,379,27,78,0,0,0,0,0,Home,Boat,2024-06-13 05:21:00
174,440,59,68,0,0,1,1,0,Sports,Puma,2024-06-27 16:40:00
24,211,30,9,1,1,1,1,0,Beauty,Samsung,2024-02-29 09:01:00
114,318,4,74,0,0,1,1,0,Shoes,Roadster,2024-03-22 13:30:00
32,32,37,94,0,1,0,1,1,Home,Boat,2024-05-15 19:03:00
175,158,39,8,0,0,1,0,1,Shoes,Puma,2024-06-16 18:45:00
86,285,7,43,0,0,0,0,0,Shoes,Apple,2024-07-12 19:40:00
151,305,3,39,1,1,0,1,0,Beauty,Roadster,2024-10-28 04:09:00
194,429,42,5,1,1,0,0,0,Sports,Puma,2024-10-09 17:10:00
127,477,14,28,1,1,1,1,0,Beauty,Zara,2024-12-07 18:14:00
155,286,58,61,1,1,1,1,0,Fashion,Roadster,2024-05-19 08:18:00
130,144,38,74,1,1,1,0,0,Home,Titan,2024-01-12 14:29:00
17,424,47,45,1,0,0,0,1,Home,Puma,2024-05-27 10:50:00
104,19,25,58,1,0,0,1,1,Home,Adidas,2024-09-21 06:52:00
161,18,49,50,1,1,1,1,1,Electronics,Titan,2024-07-11 14:34:00
137,257,33,64,1,0,0,0,0,Shoes,Zara,2024-11-03 10:46:00
43,78,13,64,1,0,0,1,0,Beauty,Boat,2024-09-09 22:25:00
176,371,12,61,1,0,1,0,0,Home,Nike,2024-04-27 21:06:00
39,175,5,35,1,1,1,1,1,Fashion,Puma,2024-03-10 11:05:00
170,498,56,88,1,0,1,1,0,Home,Apple,2024-10-12 09:09:00
26,194,16,28,1,0,0,0,0,Sports,Puma,2024-04-14 23:12:00
99,476,18,93,1,0,0,0,1,Shoes,Nike,2024-12-10 00:56:00
50,113,12,40,1,1,0,0,0,Shoes,Zara,2024-05-08 02:44:00
153,114,31,89,0,0,0,1,1,Beauty,Zara,2024-09-25 11:40:00
152,222,12,34,1,0,0,1,1,Electronics,Titan,2024-05-11 23:23:00
13,166,14,28,0,1,1,1,0,Beauty,Roadster,2024-10-27 15:25:00
60,435,32,34,1,1,0,1,1,Home,Apple,2024-08-11 14:30:00
135,319,43,90,1,0,0,0,0,Sports,Titan,2024-02-15 11:20:00
57,132,3,96,0,0,0,1,1,Fashion,Apple,2024-06-17 15:20:00
36,385,7,11,1,1,1,1,0,Beauty,Apple,2024-08-06 19:44:00
173,264,22,39,0,1,1,1,1,Electronics,Nike,2024-06-11 22:22:00
20,413,10,59,0,1,1,0,0,Beauty,Titan,2024-10-28 15:28:00
65,55,45,96,0,1,0,1,1,Shoes,Apple,2024-10-18 23:46:00
8,359,14,18,1,1,1,1,1,Home,H&M,2024-08-29 14:29:00
144,131,3,14,1,1,1,0,1,Home,Nike,2024-03-22 10:25:00
142,288,59,84,1,1,1,1,0,Home,Zara,2024-08-03 11:21:00
115,266,56,20,0,0,0,1,0,Home,Nike,2024-05-27 23:23:00
143,458,22,58,0,1,1,0,1,Home,Adidas,2024-03-23 14:02:00
92,467,30,99,1,1,0,1,0,Home,Adidas,2024-03-25 05:20:00
98,366,59,93,1,0,0,1,1,Fashion,Apple,2024-11-01 07:08:00
66,162,45,81,1,1,1,1,0,Electronics,Titan,2024-07-31 12:20:00
32,380,39,74,1,1,0,0,1,Home,Zara,2024-09-04 16:51:00
191,481,49,48,1,0,1,1,0,Electronics,Nike,2024-05-22 04:16:00
86,87,39,77,0,1,0,1,1,Sports,Titan,2024-08-04 22:11:00
51,55,14,49,0,0,1,0,1,Home,Nike,2024-04-23 13:22:00
153,476,39,60,0,0,1,0,1,Beauty,Nike,2024-02-28 15:13:00
186,288,51,88,1,0,1,1,1,Home,H&M,2024-02-21 04:24:00
63,178,51,86,0,0,0,1,0,Shoes,Adidas,2024-01-05 18:21:00
190,391,58,61,0,1,1,1,1,Fashion,Nike,2024-06-14 12:46:00
125,349,46,25,0,0,0,1,0,Beauty,H&M,2024-08-13 00:58:00
150,8,58,72,0,0,1,0,0,Beauty,Adidas,2024-02-14 08:48:00
58,321,30,54,0,1,0,1,1,Shoes,H&M,2024-08-25 02:30:00
58,313,49,37,1,0,0,0,0,Home,Titan,2024-02-12 13:33:00
86,247,17,95,0,0,1,0,0,Fashion,Roadster,2024-05-28 07:56:00
49,323,8,11,1,0,1,1,0,Beauty,Adidas,2024-02-17 13:55:00
180,472,46,74,1,0,1,1,1,Fashion,Boat,2024-10-16 09:40:00
170,471,22,19,1,1,1,0,0,Beauty,Roadster,2024-07-05 22:49:00
70,443,52,86,1,0,1,0,0,Home,Titan,2024-04-27 04:36:00
15,255,16,36,1,1,0,1,1,Sports,Nike,2024-03-02 14:40:00
54,328,4,79,0,1,1,0,1,Beauty,Zara,2024-04-24 04:37:00
188,54,11,24,0,0,1,1,0,Sports,Titan,2024-08-10 22:20:00
101,249,39,92,1,0,0,1,1,Beauty,H&M,2024-10-16 12:40:00
8,239,22,19,1,0,1,0,0,Electronics,H&M,2024-05-11 04:49:00
53,229,28,52,1,0,1,0,0,Home,H&M,2024-04-04 22:14:00
60,67,31,75,0,1,0,1,0,Shoes,H&M,2024-08-28 05:41:00
108,51,3,25,1,1,1,0,1,Sports,Titan,2024-06-16 17:40:00
5,97,57,46,0,1,1,1,0,Shoes,Zara,2024-12-04 07:31:00
103,92,37,30,1,0,1,1,1,Home,Puma,2024-12-08 12:19:00
196,495,8,18,0,1,0,1,1,Shoes,H&M,2024-03-04 07:01:00
6,264,39,61,1,0,1,0,0,Home,Puma,2024-12-04 20:03:00
109,418,55,41,0,0,0,1,1,Shoes,Zara,2024-11-29 23:16:00
116,291,7,62,1,0,1,1,1,Sports,Zara,2024-06-20 03:56:00
94,96,35,25,0,0,0,1,1,Electronics,Roadster,2024-11-24 03:48:00
47,88,51,86,0,0,1,1,1,Shoes,Adidas,2024-09-10 03:34:00
99,78,53,73,0,1,0,1,1,Sports,Boat,2024-09-06 07:20:00
55,288,16,7,0,1,0,1,0,Beauty,Apple,2024-08-16 00:25:00
168,120,14,91,0,0,0,1,1,Home,Boat,2024-10-22 18:30:00
52,302,44,94,0,1,0,1,0,Fashion,Titan,2024-09-01 09:10:00
144,491,22,41,0,0,0,1,0,Fashion,Apple,2024-01-16 23:15:00
13,400,55,92,1,0,0,1,0,Home,Zara,2024-09-03 03:44:00
114,452,52,53,1,0,1,1,0,Electronics,Boat,2024-02-25 15:41:00
124,500,26,23,1,1,1,0,0,Shoes,Samsung,2024-11-26 16:55:00
106,165,45,93,1,0,0,1,0,Electronics,Adidas,2024-04-06 20:51:00
158,182,36,89,1,0,0,1,1,Fashion,Boat,2024-11-02 08:48:00
147,469,27,16,0,1,0,1,1,Sports,Adidas,2024-04-24 12:29:00
145,398,52,65,0,1,0,0,1,Home,Puma,2024-02-19 03:59:00
120,223,31,45,0,1,1,1,0,Home,Titan,2024-05-04 23:09:00
63,311,59,37,0,0,0,0,1,Electronics,Adidas,2024-12-12 20:31:00
19,432,41,54,0,0,1,1,1,Sports,Puma,2024-08-01 18:31:00
92,466,33,72,1,1,1,1,1,Electronics,H&M,2024-06-09 05:39:00
58,7,58,75,1,0,0,0,0,Shoes,Puma,2024-01-26 21:16:00
183,330,49,90,1,1,0,1,1,Beauty,Titan,2024-01-24 23:23:00
90,263,45,37,1,1,1,0,0,Sports,Roadster,2024-05-16 21:27:00
117,161,52,85,0,0,1,0,1,Beauty,H&M,2024-08-07 23:19:00
62,151,25,28,0,0,0,1,0,Shoes,Zara,2024-12-06 04:18:00
23,85,46,65,0,1,0,1,0,Beauty,Nike,2024-01-08 07:14:00
127,147,40,65,1,1,0,1,0,Fashion,Puma,2024-02-02 22:56:00
137,112,22,32,0,1,1,1,1,Beauty,Puma,2024-01-06 00:33:00
140,381,25,62,1,1,1,0,1,Shoes,Adidas,2024-07-01 19:26:00
129,403,47,47,0,0,0,0,0,Beauty,Zara,2024-02-15 22:13:00
58,36,54,45,0,1,1,1,1,Home,Boat,2024-08-02 11:39:00
122,285,18,43,1,1,1,0,0,Electronics,Samsung,2024-11-28 05:29:00
1,188,52,90,0,1,0,0,0,Fashion,Apple,2024-09-15 19:29:00
34,82,44,53,0,0,0,1,1,Home,Puma,2024-03-13 06:45:00
96,2,57,21,1,0,1,0,1,Home,Boat,2024-03-16 18:21:00
126,385,10,74,0,1,1,0,1,Shoes,Samsung,2024-10-04 09:52:00
118,303,52,74,1,0,0,1,0,Electronics,Apple,2024-03-16 11:24:00
48,197,23,69,0,0,0,0,0,Electronics,Nike,2024-08-15 01:04:00
89,404,3,78,0,0,0,1,1,Sports,Adidas,2024-03-06 22:17:00
117,11,57,89,0,1,0,0,0,Fashion,Boat,2024-01-29 20:28:00
129,234,10,9,0,1,0,1,1,Shoes,Adidas,2024-11-19 03:06:00
16,386,31,6,0,0,1,0,0,Fashion,Apple,2024-05-25 07:52:00
189,195,34,26,0,1,1,0,1,Sports,Roadster,2024-10-29 11:43:00
192,471,40,61,0,1,1,1,1,Beauty,Puma,2024-09-28 12:29:00
191,119,7,70,0,0,1,1,0,Home,H&M,2024-03-20 00:55:00
69,396,49,78,1,0,0,1,1,Fashion,Samsung,2024-06-02 11:14:00
22,20,24,20,1,1,0,1,1,Home,Zara,2024-11-17 22:38:00
93,261,49,55,0,0,0,0,0,Shoes,Titan,2024-03-29 14:42:00
195,293,36,43,0,1,1,0,1,Beauty,Puma,2024-03-28 16:30:00
76,422,3,90,1,1,1,0,0,Shoes,H&M,2024-09-26 18:24:00
154,256,57,80,0,0,1,1,1,Beauty,Titan,2024-10-18 06:21:00
144,222,57,92,0,1,0,0,0,Beauty,Boat,2024-07-18 19:14:00
179,393,28,44,1,1,1,0,1,Home,Titan,2024-10-21 01:51:00
86,226,45,42,0,0,0,1,1,Shoes,Nike,2024-01-15 17:02:00
185,53,12,64,0,0,0,1,1,Shoes,Puma,2024-07-28 09:17:00
29,428,32,63,1,0,0,0,1,Fashion,Adidas,2024-07-30 22:03:00
69,355,52,14,0,1,0,1,0,Shoes,Roadster,2024-05-14 12:11:00
47,500,20,68,0,0,0,0,0,Fashion,Zara,2024-07-12 04:27:00
94,342,19,67,1,0,0,0,0,Electronics,Adidas,2024-10-31 16:28:00
190,364,28,53,0,0,1,1,0,Electronics,H&M,2024-06-10 08:42:00
197,280,10,68,1,0,0,0,0,Electronics,Puma,2024-05-16 19:28:00
144,81,49,36,0,1,0,1,0,Sports,Roadster,2024-07-14 09:43:00
176,202,42,11,0,1,1,1,0,Shoes,Titan,2024-04-08 06:08:00
85,158,51,25,1,0,0,0,1,Sports,Puma,2024-04-03 09:24:00
39,120,14,24,1,1,1,0,1,Shoes,Titan,2024-08-26 23:20:00
100,59,29,30,0,0,1,0,1,Fashion,Boat,2024-01-17 22:46:00
33,494,10,72,1,0,1,1,1,Sports,Nike,2024-07-02 08:19:00
101,215,27,90,1,1,0,0,0,Sports,Apple,2024-10-25 19:22:00
23,128,48,19,0,1,0,1,0,Sports,Puma,2024-12-09 22:48:00
10,224,6,89,0,0,1,1,0,Beauty,H&M,2024-10-04 01:28:00
69,209,35,83,0,0,0,0,1,Fashion,Titan,2024-11-29 07:29:00
100,370,3,90,1,1,0,1,0,Electronics,Adidas,2024-05-25 04:57:00
34,115,21,96,1,0,1,0,1,Fashion,Boat,2024-10-01 00:09:00
180,209,33,18,1,1,1,0,0,Beauty,H&M,2024-04-19 18:18:00
138,14,18,31,1,0,0,0,0,Shoes,Zara,2024-11-29 10:03:00
147,9,16,44,0,0,1,0,0,Fashion,Apple,2024-12-11 21:57:00
186,40,55,62,1,1,1,0,0,Sports,Boat,2024-07-11 05:55:00
96,450,50,32,0,1,1,0,1,Electronics,Nike,2024-05-19 12:39:00
1,237,7,30,1,1,0,0,1,Electronics,Apple,2024-08-03 10:19:00
69,281,43,67,0,1,0,1,0,Shoes,Titan,2024-01-08 11:54:00
4,359,28,70,0,1,0,0,1,Fashion,H&M,2024-05-18 13:42:00
16,201,30,29,0,1,1,1,0,Beauty,Zara,2024-04-12 09:58:00
24,246,4,7,1,1,0,1,0,Shoes,Samsung,2024-08-22 18:34:00
80,278,52,76,0,0,1,1,0,Fashion,Nike,2024-06-20 12:09:00
2,235,8,48,0,0,0,0,0,Home,Roadster,2024-10-18 17:28:00
128,494,11,46,1,0,0,1,1,Electronics,Titan,2024-01-29 23:08:00
160,4,35,10,0,1,1,1,0,Beauty,Samsung,2024-09-19 05:56:00
84,154,43,43,1,1,0,0,0,Sports,Puma,2024-09-13 02:13:00
152,442,27,56,1,1,1,0,1,Beauty,Zara,2024-10-14 12:16:00
140,29,50,27,0,0,0,1,0,Sports,Adidas,2024-05-01 03:49:00
178,109,15,93,0,1,0,0,1,Beauty,Roadster,2024-03-26 15:13:00
163,98,11,54,1,1,1,0,0,Electronics,H&M,2024-10-26 09:25:00
124,215,55,47,0,0,1,0,0,Sports,Zara,2024-07-15 20:56:00
33,293,15,23,1,1,1,0,0,Fashion,Apple,2024-09-09 20:39:00
161,75,33,73,1,0,0,1,0,Sports,Boat,2024-09-04 05:12:00
189,326,43,55,1,0,0,0,0,Shoes,Apple,2024-06-13 08:28:00
179,146,13,15,0,1,0,0,0,Fashion,Apple,2024-10-10 18:54:00
171,128,6,16,1,1,1,0,1,Shoes,Puma,2024-11-30 19:37:00
101,341,36,78,0,1,1,1,0,Beauty,Nike,2024-08-01 07:03:00
12,42,40,12,0,0,1,1,1,Fashion,Adidas,2024-01-13 20:02:00
67,356,48,28,0,0,0,0,1,Beauty,Roadster,2024-04-23 13:43:00
65,41,6,96,0,0,0,0,0,Home,Nike,2024-08-02 21:03:00
161,422,40,45,1,1,1,1,1,Beauty,Zara,2024-09-15 00:37:00
168,34,21,40,0,1,0,0,0,Beauty,Apple,2024-12-13 04:44:00
74,17,8,89,1,1,1,0,1,Shoes,Puma,2024-02-07 15:33:00
43,165,36,76,1,1,0,1,0,Sports,Zara,2024-09-18 03:33:00
44,153,20,59,0,0,0,0,1,Home,Boat,2024-07-10 02:10:00
29,486,15,13,1,0,1,0,1,Beauty,Adidas,2024-06-14 18:17:00
141,378,43,51,1,0,0,1,0,Beauty,Roadster,2024-08-29 04:48:00
12,76,25,19,0,0,0,1,1,Home,Boat,2024-01-04 18:35:00
95,87,21,52,1,1,1,0,0,Home,Puma,2024-04-06 22:05:00
46,117,47,86,1,1,1,1,0,Fashion,Adidas,2024-05-21 04:19:00
130,362,13,46,1,1,0,0,0,Shoes,Zara,2024-08-11 05:45:00
35,342,3,64,1,0,1,0,0,Home,Apple,2024-10-01 23:39:00
81,469,26,88,0,0,0,0,0,Home,Apple,2024-07-15 04:53:00
90,27,56,74,1,1,1,1,1,Electronics,Titan,2024-01-22 20:58:00
8,313,9,16,1,1,0,1,1,Sports,Apple,2024-08-14 07:39:00
93,287,27,6,1,0,0,0,1,Home,Samsung,2024-09-09 13:29:00
154,134,23,11,1,1,1,0,0,Shoes,Apple,2024-01-25 21:05:00
90,219,17,84,0,0,0,1,1,Sports,Samsung,2024-07-12 19:18:00
162,168,3,7,1,0,0,1,1,Sports,H&M,2024-01-04 20:54:00
115,98,14,7,0,0,1,1,1,Beauty,Samsung,2024-03-31 18:18:00
105,268,60,31,1,1,1,0,1,Beauty,Adidas,2024-04-27 12:51:00
135,237,9,44,0,1,0,1,1,Beauty,Boat,2024-10-01 04:03:00
196,309,17,37,0,0,1,1,0,Beauty,Adidas,2024-01-30 17:02:00
58,455,23,96,0,1,1,0,0,Electronics,Boat,2024-12-11 10:40:00
114,394,21,5,0,0,0,0,1,Home,Titan,2024-11-06 20:28:00
75,173,31,12,0,0,0,0,0,Beauty,H&M,2024-02-12 01:21:00
157,401,27,36,1,0,1,1,0,Fashion,Boat,2024-11-22 16:40:00
120,410,35,52,1,0,1,0,1,Beauty,Boat,2024-10-03 03:05:00
164,469,51,8,1,1,1,0,1,Home,Puma,2024-09-27 08:23:00
21,476,34,98,0,0,0,0,0,Beauty,Nike,2024-11-18 14:15:00
164,190,51,74,1,0,0,0,1,Electronics,Nike,2024-12-07 19:52:00
138,122,37,23,0,1,0,1,0,Shoes,Puma,2024-01-19 13:51:00
101,46,46,36,0,0,0,0,0,Shoes,Apple,2024-07-27 13:18:00
152,64,40,13,1,0,0,1,1,Home,Puma,2024-09-24 05:42:00
192,130,28,16,1,1,0,1,0,Shoes,Boat,2024-02-09 06:52:00
177,310,13,15,0,1,0,1,0,Shoes,Boat,2024-08-12 16:40:00
99,363,37,50,0,1,1,0,0,Fashion,Puma,2024-10-08 10:17:00
36,193,10,20,1,0,1,1,1,Home,Puma,2024-10-16 04:43:00
96,307,48,5,1,1,0,0,1,Home,Apple,2024-07-25 11:45:00
152,181,16,67,1,1,0,0,1,Shoes,Adidas,2024-01-26 01:09:00
151,292,12,25,1,0,0,0,1,Shoes,H&M,2024-05-28 02:22:00
190,371,4,34,0,0,1,1,0,Shoes,Zara,2024-07-19 08:34:00
37,282,48,17,1,0,0,0,1,Sports,Boat,2024-06-06 00:10:00
12,29,11,38,1,0,1,0,1,Electronics,H&M,2024-09-26 02:06:00
113,149,5,8,1,0,1,0,1,Beauty,Puma,2024-06-28 08:05:00
183,267,23,32,0,1,1,1,1,Electronics,Apple,2024-10-08 02:42:00
13,296,28,99,0,1,1,1,0,Home,Samsung,2024-05-05 21:43:00
23,11,10,63,0,1,1,1,0,Fashion,Apple,2024-09-26 09:02:00
99,164,50,31,0,0,0,0,0,Beauty,Roadster,2024-10-03 18:18:00
105,113,4,73,1,0,0,1,1,Fashion,Roadster,2024-08-15 09:18:00
30,187,8,29,0,0,1,0,1,Sports,H&M,2024-02-25 04:28:00
17,295,30,7,1,1,0,0,0,Home,Nike,2024-04-21 08:51:00
113,232,55,72,1,1,1,1,1,Sports,Roadster,2024-03-03 23:55:00
62,227,31,29,1,0,1,0,1,Home,Roadster,2024-02-19 03:53:00
84,310,28,24,1,1,0,1,0,Fashion,Adidas,2024-11-01 08:37:00
112,98,27,38,0,0,0,0,0,Fashion,Samsung,2024-05-10 16:46:00
86,55,14,30,0,1,0,1,1,Fashion,Adidas,2024-03-18 13:12:00
141,111,7,9,0,1,0,0,1,Home,Samsung,2024-10-06 20:33:00
187,152,36,65,1,1,0,0,1,Shoes,Titan,2024-04-08 20:01:00
19,246,50,96,1,0,1,0,0,Fashion,Zara,2024-03-24 23:02:00
177,406,39,97,1,1,0,0,0,Sports,Boat,2024-01-15 20:30:00
100,69,17,13,1,1,0,0,0,Beauty,Roadster,2024-01-15 03:29:00
140,312,46,54,1,0,0,1,0,Home,Boat,2024-04-09 23:13:00
189,289,38,10,0,1,1,0,1,Sports,Roadster,2024-07-07 16:51:00
147,250,17,87,1,0,0,1,0,Electronics,Adidas,2024-06-05 03:52:00
76,36,45,64,0,0,1,1,0,Electronics,Zara,2024-11-20 16:23:00
9,239,50,48,1,0,0,1,1,Beauty,Adidas,2024-09-13 08:33:00
199,148,25,15,1,0,0,0,1,Shoes,Adidas,2024-11-30 02:47:00
28,467,8,70,0,0,1,0,1,Fashion,Samsung,2024-11-30 06:43:00
128,227,48,51,0,1,0,0,0,Home,Nike,2024-06-14 17:14:00
52,244,52,77,1,0,0,1,1,Sports,Apple,2024-10-05 12:09:00
83,491,46,89,1,0,1,0,1,Fashion,H&M,2024-02-02 15:33:00
111,337,45,92,1,0,0,0,0,Sports,Boat,2024-03-22 11:41:00
144,446,47,90,1,0,1,1,0,Home,Titan,2024-09-27 18:49:00
117,365,23,7,0,1,1,1,1,Electronics,Roadster,2024-05-15 04:52:00
69,491,25,80,1,0,1,1,0,Fashion,Adidas,2024-04-11 23:06:00
99,482,45,96,0,1,1,1,1,Beauty,Nike,2024-03-15 17:04:00
140,201,57,34,1,0,1,1,1,Shoes,Adidas,2024-02-24 05:53:00
25,154,18,94,0,1,0,1,0,Beauty,Zara,2024-12-06 04:07:00
180,450,49,25,0,0,0,0,1,Shoes,Samsung,2024-08-30 07:28:00
123,73,55,32,1,0,0,1,0,Sports,Titan,2024-01-25 12:02:00
53,201,17,94,0,1,1,0,0,Fashion,Apple,2024-04-26 12:49:00
151,296,27,66,1,0,1,0,0,Fashion,Zara,2024-12-06 17:23:00
144,17,38,37,0,1,1,0,1,Shoes,Puma,2024-07-17 19:08:00
57,129,13,89,1,0,1,1,0,Electronics,Titan,2024-08-18 17:26:00
39,217,53,39,0,1,0,0,0,Home,Adidas,2024-10-01 14:12:00
109,61,17,56,1,0,0,1,1,Beauty,Zara,2024-08-12 18:31:00
181,427,6,38,1,0,1,1,1,Sports,Apple,2024-09-29 13:55:00
42,104,23,45,0,1,1,0,1,Beauty,Nike,2024-09-29 23:26:00
186,42,15,55,0,0,0,1,1,Beauty,Nike,2024-03-08 02:51:00
167,25,24,51,0,0,1,0,0,Sports,Boat,2024-06-20 05:09:00
142,39,21,86,0,0,1,0,0,Sports,Apple,2024-02-29 07:15:00
122,291,36,62,1,0,1,1,0,Fashion,Nike,2024-01-08 21:05:00
133,131,16,79,0,0,0,0,1,Beauty,Zara,2024-09-25 12:48:00
163,498,6,61,1,0,0,0,1,Home,Boat,2024-07-24 17:01:00
75,229,50,27,0,1,1,0,0,Home,Nike,2024-09-29 14:53:00
146,108,55,52,1,1,0,1,1,Shoes,Titan,2024-05-17 03:12:00
76,172,54,26,1,1,1,0,1,Sports,Samsung,2024-01-09 08:55:00
9,435,48,21,1,0,1,1,0,Fashion,Puma,2024-09-11 01:17:00
74,478,29,73,1,1,0,1,0,Home,Apple,2024-02-29 05:23:00
186,102,31,15,0,0,1,0,1,Electronics,Zara,2024-01-31 21:24:00
145,354,49,98,0,0,1,0,1,Fashion,Roadster,2024-02-23 19:54:00
7,12,30,19,1,0,0,1,1,Fashion,Adidas,2024-03-03 14:15:00
174,275,37,95,0,0,1,1,0,Home,Zara,2024-07-25 21:15:00
141,101,10,39,0,1,1,0,0,Electronics,Nike,2024-05-11 01:26:00
168,44,18,37,1,0,1,0,0,Shoes,Zara,2024-11-01 09:16:00
170,443,44,88,0,1,0,1,0,Home,Roadster,2024-05-28 18:23:00
137,305,38,20,0,0,1,1,0,Electronics,Adidas,2024-12-12 20:39:00
178,445,32,38,0,1,0,1,1,Fashion,Boat,2024-09-15 15:08:00
27,17,20,70,1,1,1,1,1,Electronics,Nike,2024-03-22 12:39:00
122,330,4,44,0,1,1,1,1,Fashion,H&M,2024-09-11 21:09:00
194,57,51,32,1,1,1,0,0,Home,Nike,2024-10-20 11:13:00
5,311,15,51,0,1,1,1,0,Sports,Puma,2024-12-05 10:23:00
29,497,6,43,0,1,0,1,0,Home,H&M,2024-05-05 10:45:00
165,303,28,74,0,0,0,0,1,Beauty,Puma,2024-04-30 16:45:00
166,12,27,77,1,1,1,0,0,Beauty,Roadster,2024-03-30 19:44:00
83,318,32,24,1,0,1,1,0,Beauty,Apple,2024-04-09 04:32:00
136,80,13,5,0,1,1,1,1,Home,Adidas,2024-03-19 15:06:00
109,216,9,76,1,0,1,0,0,Shoes,Samsung,2024-03-09 22:10:00
65,339,33,91,0,1,1,1,1,Home,Boat,2024-07-18 22:26:00
86,264,46,67,1,1,1,1,0,Sports,Samsung,2024-05-06 10:18:00
145,479,12,71,1,0,1,0,0,Electronics,Titan,2024-04-24 20:44:00
71,149,41,8,0,1,1,1,1,Home,Titan,2024-04-28 20:52:00
45,81,15,62,0,1,0,0,1,Home,Roadster,2024-04-04 10:56:00
132,215,33,29,0,1,0,0,1,Fashion,Apple,2024-02-03 21:45:00
36,485,9,51,0,0,0,0,1,Fashion,Titan,2024-01-10 15:17:00
70,374,58,42,1,1,1,0,1,Fashion,Nike,2024-10-20 21:26:00
159,464,51,19,1,0,1,1,1,Home,Zara,2024-03-30 15:05:00
19,198,44,67,1,1,1,0,0,Shoes,Puma,2024-03-16 07:23:00
189,200,44,25,0,1,0,1,0,Electronics,Titan,2024-09-08 05:16:00
108,25,58,61,0,0,1,1,1,Electronics,Roadster,2024-03-22 17:14:00
182,466,38,57,1,1,0,1,0,Sports,Puma,2024-03-20 21:54:00
167,89,22,50,0,1,1,1,1,Shoes,Nike,2024-11-07 10:59:00
91,268,6,18,1,0,0,1,0,Shoes,Apple,2024-10-02 07:54:00
90,143,56,80,1,1,0,0,1,Electronics,Adidas,2024-06-23 22:01:00
19,59,9,21,1,0,0,0,0,Beauty,Samsung,2024-01-22 23:09:00
39,410,56,43,1,0,1,0,0,Fashion,Nike,2024-10-26 03:55:00
126,489,3,13,1,0,0,0,0,Fashion,Boat,2024-04-16 23:10:00
195,365,46,81,0,1,1,1,0,Electronics,H&M,2024-10-27 11:21:00
173,26,58,83,0,0,1,0,0,Shoes,Roadster,2024-11-28 16:29:00
141,47,47,86,0,0,1,1,1,Sports,Samsung,2024-07-11 23:59:00
126,288,44,10,1,1,1,1,1,Beauty,Boat,2024-11-22 05:51:00
58,266,49,95,1,0,1,0,1,Electronics,Adidas,2024-12-04 18:49:00
148,16,15,27,1,1,0,0,0,Fashion,Boat,2024-04-24 18:39:00
200,199,57,63,1,1,1,0,1,Home,Apple,2024-10-15 17:29:00
61,401,24,95,0,1,1,0,0,Shoes,H&M,2024-11-06 07:28:00
127,407,56,50,0,1,1,1,0,Home,Puma,2024-07-01 01:59:00
105,282,23,42,1,0,1,1,0,Sports,Samsung,2024-06-21 23:24:00
167,469,24,18,1,0,1,0,1,Electronics,H&M,2024-03-02 14:17:00
1,86,30,76,1,0,0,1,0,Fashion,Zara,2024-04-23 20:25:00
131,250,11,66,0,0,0,1,1,Beauty,Nike,2024-03-11 11:45:00
92,391,28,39,0,0,1,1,1,Home,Zara,2024-08-26 02:24:00
190,270,11,23,0,1,0,0,0,Beauty,Nike,2024-05-16 23:57:00
191,335,17,34,1,0,0,1,0,Sports,Apple,2024-08-24 08:23:00
113,117,12,82,1,0,1,0,1,Fashion,H&M,2024-04-18 14:30:00
153,7,26,88,0,0,0,0,1,Home,Adidas,2024-01-24 10:14:00
56,137,60,29,1,1,1,1,1,Sports,Titan,2024-05-28 02:59:00
161,371,59,44,0,1,0,1,1,Beauty,Boat,2024-04-13 21:14:00
166,176,44,92,1,0,0,0,1,Beauty,Titan,2024-04-09 02:48:00
117,328,10,18,0,1,0,1,1,Home,H&M,2024-04-12 01:25:00
134,498,26,30,1,0,1,1,0,Fashion,Zara,2024-07-12 11:57:00
58,315,18,91,0,0,0,0,1,Beauty,Titan,2024-10-02 14:08:00
44,215,51,26,0,1,0,0,1,Electronics,Roadster,2024-03-07 13:52:00
173,477,28,52,0,1,1,0,1,Sports,Titan,2024-11-30 15:04:00
160,82,29,87,0,0,1,0,1,Home,Nike,2024-08-12 22:43:00
173,223,39,55,0,0,0,1,0,Shoes,Roadster,2024-04-27 17:24:00
61,478,6,7,0,1,1,1,0,Shoes,Samsung,2024-04-10 05:38:00
47,372,52,46,1,0,0,0,1,Fashion,Titan,2024-09-23 04:51:00
149,423,26,23,1,1,0,0,1,Electronics,Roadster,2024-03-21 23:23:00
80,483,21,77,1,0,1,0,1,Beauty,H&M,2024-08-12 19:51:00
118,402,38,32,0,1,1,1,0,Shoes,Boat,2024-01-12 18:20:00
164,443,41,88,0,0,1,0,0,Fashion,Samsung,2024-04-17 16:35:00
147,490,12,49,1,0,0,1,0,Sports,Adidas,2024-03-29 19:20:00
20,103,27,75,0,1,1,0,0,Electronics,Adidas,2024-03-09 08:08:00
185,273,20,82,0,0,0,0,0,Electronics,Apple,2024-07-25 05:19:00
146,14,21,67,0,0,1,0,0,Fashion,Titan,2024-04-22 11:01:00
47,159,38,77,0,1,0,1,1,Fashion,Boat,2024-02-04 05:37:00
49,152,12,23,0,0,1,1,0,Beauty,Puma,2024-02-11 17:47:00
14,483,35,51,1,0,0,1,0,Fashion,Roadster,2024-08-27 12:57:00
143,108,57,18,1,0,1,0,1,Beauty,Samsung,2024-10-11 15:38:00
159,188,52,42,1,1,0,1,0,Beauty,H&M,2024-01-14 15:02:00
1,301,7,57,1,1,1,1,1,Home,Titan,2024-07-22 03:52:00
117,98,49,65,1,1,1,0,0,Electronics,H&M,2024-04-07 03:49:00
54,131,51,40,0,0,0,0,1,Sports,Puma,2024-11-13 15:46:00
118,293,37,44,0,0,1,1,1,Electronics,Apple,2024-04-11 17:19:00
3,171,46,85,0,0,0,1,1,Electronics,Puma,2024-04-21 09:01:00
144,424,36,34,0,0,0,1,1,Home,Nike,2024-11-19 00:14:00
185,474,35,13,1,1,1,1,1,Beauty,Zara,2024-03-05 17:10:00
12,183,57,68,1,0,0,0,0,Beauty,Samsung,2024-10-13 04:31:00
74,471,23,37,1,0,1,0,0,Fashion,Zara,2024-06-24 05:56:00
16,364,19,56,0,0,1,0,1,Home,Puma,2024-12-07 21:03:00
200,39,24,93,1,1,0,1,1,Fashion,Apple,2024-05-31 09:04:00
102,15,50,18,0,0,1,1,1,Home,Apple,2024-01-01 06:10:00
152,376,39,79,1,0,0,0,0,Fashion,Adidas,2024-09-18 08:36:00
156,497,17,57,1,0,0,0,1,Shoes,Titan,2024-07-01 09:10:00
117,4,37,63,0,0,1,1,1,Electronics,Adidas,2024-07-17 13:06:00
8,349,30,82,0,0,1,1,1,Electronics,Samsung,2024-01-19 11:33:00
122,470,9,98,1,1,0,0,1,Sports,Samsung,2024-06-18 08:36:00
92,409,34,45,1,0,0,0,0,Beauty,Samsung,2024-01-03 05:16:00
164,397,13,72,0,0,1,0,1,Sports,H&M,2024-06-05 22:49:00
90,210,12,72,1,0,1,1,1,Shoes,Adidas,2024-09-08 21:09:00
136,161,11,96,1,0,1,1,0,Sports,H&M,2024-08-23 01:33:00
186,16,16,12,0,0,1,1,1,Electronics,Zara,2024-08-15 01:43:00
60,493,15,6,1,0,0,1,1,Beauty,Titan,2024-10-29 04:12:00
178,426,59,90,0,0,1,1,0,Shoes,Puma,2024-01-06 22:52:00
28,108,27,45,1,0,0,1,0,Electronics,Roadster,2024-10-19 16:01:00
101,382,4,59,0,0,0,0,0,Fashion,Adidas,2024-02-01 20:13:00
41,450,37,20,1,0,1,0,1,Home,Roadster,2024-11-03 08:46:00
192,311,9,97,0,1,0,1,1,Shoes,Apple,2024-04-23 10:27:00
155,227,23,66,1,1,1,0,0,Beauty,Adidas,2024-08-20 07:23:00
191,170,20,52,0,1,0,1,0,Sports,Zara,2024-09-30 20:01:00
145,34,5,34,1,1,1,0,0,Sports,Adidas,2024-03-21 14:34:00
161,414,44,16,1,0,0,1,1,Shoes,H&M,2024-11-10 15:52:00
157,251,56,39,1,1,0,0,1,Beauty,Titan,2024-01-31 00:09:00
141,247,41,15,1,1,1,0,0,Shoes,Puma,2024-12-06 13:11:00
46,269,43,68,1,0,1,1,1,Beauty,Boat,2024-10-29 13:43:00
35,141,51,54,1,1,0,1,0,Sports,Puma,2024-10-12 14:27:00
134,274,13,89,1,1,0,0,1,Electronics,Puma,2024-03-06 10:44:00
82,416,41,25,1,0,1,0,1,Fashion,Apple,2024-06-10 03:47:00
115,96,26,73,1,0,0,1,1,Electronics,Zara,2024-06-25 01:16:00
197,227,48,52,0,0,1,0,1,Fashion,Roadster,2024-05-24 18:32:00
47,379,21,24,0,1,0,1,0,Sports,Zara,2024-03-10 15:40:00
153,39,6,71,1,1,1,1,1,Electronics,Boat,2024-05-17 12:33:00
194,302,28,48,0,0,0,0,1,Electronics,Apple,2024-11-10 20:12:00
10,500,40,37,1,0,1,1,0,Shoes,Titan,2024-09-18 16:26:00
56,29,44,77,1,1,1,0,1,Home,Puma,2024-02-09 16:55:00
30,446,34,65,0,0,0,0,0,Sports,H&M,2024-10-04 19:45:00
109,497,41,13,1,1,1,1,0,Beauty,Apple,2024-03-11 12:31:00
5,477,47,72,1,0,0,0,1,Sports,Samsung,2024-07-14 05:20:00
119,318,48,39,0,0,1,1,1,Beauty,Adidas,2024-09-29 18:01:00
33,245,38,85,0,1,1,1,0,Beauty,Zara,2024-09-08 08:18:00
118,236,42,92,1,0,1,1,0,Fashion,Apple,2024-06-20 12:24:00
65,185,39,100,0,0,0,0,0,Beauty,Samsung,2024-02-09 11:46:00
146,272,35,69,0,0,1,1,1,Beauty,Roadster,2024-03-22 18:32:00
177,440,38,12,1,1,0,0,0,Shoes,Boat,2024-08-02 17:42:00
11,236,5,49,0,0,1,1,0,Electronics,Boat,2024-06-25 02:04:00
85,239,11,91,0,0,0,1,0,Sports,Puma,2024-07-22 15:37:00
26,377,10,51,1,0,0,1,1,Sports,Puma,2024-06-20 05:52:00
63,266,35,44,0,0,0,0,0,Beauty,Apple,2024-01-11 16:41:00
86,414,8,80,0,0,1,0,1,Home,Apple,2024-10-09 00:20:00
59,409,43,58,1,0,0,1,1,Sports,Titan,2024-05-29 14:32:00
27,359,41,80,1,1,1,1,0,Beauty,Adidas,2024-10-26 03:39:00
177,340,6,50,1,1,0,0,1,Fashion,Nike,2024-04-24 22:06:00
161,389,15,51,0,0,0,0,0,Fashion,Roadster,2024-04-12 05:34:00
98,65,51,19,1,1,0,0,1,Fashion,Puma,2024-06-19 23:20:00
105,478,4,23,1,1,0,1,1,Beauty,Nike,2024-08-19 16:36:00
99,177,7,30,0,0,1,0,0,Shoes,Nike,2024-05-26 04:56:00
129,3,46,56,1,1,0,1,0,Home,Adidas,2024-05-23 06:49:00
149,429,29,97,1,1,0,0,0,Beauty,H&M,2024-02-23 06:13:00
55,142,34,26,1,1,1,1,1,Shoes,H&M,2024-01-25 09:35:00
6,376,23,25,1,1,0,1,1,Shoes,Puma,2024-11-19 05:28:00
197,158,10,55,0,1,0,1,0,Sports,Samsung,2024-07-20 09:26:00
95,498,40,42,1,1,0,0,0,Beauty,Adidas,2024-04-04 15:02:00
133,324,10,24,1,1,0,0,1,Beauty,Adidas,2024-02-18 17:59:00
102,146,52,33,0,1,1,0,1,Shoes,Zara,2024-09-12 05:10:00
3,446,5,55,1,0,1,1,1,Shoes,Nike,2024-01-04 00:11:00
181,293,56,8,0,0,0,1,0,Shoes,Zara,2024-05-07 06:18:00
23,153,46,59,0,1,1,0,1,Sports,Nike,2024-08-01 01:12:00
53,432,60,75,0,1,1,1,0,Beauty,H&M,2024-07-20 20:53:00
165,193,5,96,1,0,0,1,1,Shoes,Puma,2024-05-27 19:34:00
83,437,24,32,0,1,1,1,1,Fashion,Roadster,2024-01-18 21:21:00
145,494,8,8,0,1,0,0,0,Beauty,H&M,2024-07-03 07:26:00
85,463,4,26,0,0,1,1,0,Sports,Adidas,2024-11-04 15:55:00
78,73,25,80,1,0,1,0,0,Fashion,Roadster,2024-08-20 10:36:00
110,399,46,49,1,0,1,0,1,Electronics,Apple,2024-06-26 15:12:00
1,305,4,71,1,1,0,0,1,Beauty,Roadster,2024-05-08 03:44:00
51,377,40,90,1,1,1,0,1,Electronics,Roadster,2024-08-31 01:22:00
173,344,19,70,1,0,0,0,0,Shoes,H&M,2024-02-28 19:07:00
4,452,37,92,1,0,0,1,1,Sports,Adidas,2024-01-04 05:57:00
190,140,36,38,1,1,1,0,0,Shoes,Roadster,2024-05-22 01:40:00
193,187,25,95,0,0,0,0,0,Sports,H&M,2024-03-31 12:14:00
113,293,32,59,0,1,1,0,0,Home,H&M,2024-11-25 05:21:00
32,61,54,5,0,1,0,1,1,Shoes,Roadster,2024-12-10 07:04:00
34,485,10,76,0,0,0,1,1,Electronics,Nike,2024-09-09 11:41:00
92,427,24,91,1,0,1,1,0,Sports,Adidas,2024-11-04 05:13:00
95,380,46,42,0,1,1,1,1,Shoes,Boat,2024-11-28 19:25:00
72,198,60,10,0,0,1,0,0,Beauty,Roadster,2024-10-12 23:31:00
39,295,38,90,0,0,1,0,0,Sports,Zara,2024-11-29 19:15:00
154,440,7,29,0,0,0,1,1,Sports,Zara,2024-02-11 18:28:00
162,319,15,86,1,0,0,1,0,Shoes,Apple,2024-08-02 15:10:00
182,302,31,21,1,1,0,1,0,Home,Adidas,2024-02-22 06:31:00
118,344,33,65,1,1,1,1,1,Shoes,H&M,2024-01-24 22:17:00
3,11,49,16,0,1,0,0,0,Electronics,Titan,2024-01-30 12:51:00
123,62,59,10,1,1,1,1,0,Electronics,Puma,2024-05-21 21:35:00
50,333,57,94,0,0,0,1,0,Sports,Samsung,2024-11-19 23:16:00
12,226,18,31,1,0,1,1,0,Sports,Titan,2024-03-29 21:47:00
193,153,44,12,1,1,0,1,0,Shoes,Adidas,2024-05-14 21:23:00
54,199,32,87,1,1,0,1,0,Electronics,Adidas,2024-06-27 15:11:00
133,52,59,69,1,0,1,1,0,Electronics,Roadster,2024-06-22 03:01:00
57,260,57,61,1,1,0,1,1,Home,Roadster,2024-02-01 18:51:00
145,59,18,97,0,1,1,0,1,Beauty,Titan,2024-03-05 16:15:00
112,72,14,44,1,0,0,0,0,Home,H&M,2024-02-16 01:54:00
47,148,19,18,0,1,0,0,0,Fashion,Apple,2024-03-19 07:03:00
151,349,18,39,0,0,1,0,1,Home,Roadster,2024-06-18 18:13:00
85,63,14,52,0,0,1,0,1,Shoes,Samsung,2024-10-25 23:05:00
142,310,10,88,0,1,0,0,1,Beauty,Samsung,2024-01-24 12:52:00
66,373,22,60,0,0,0,1,1,Shoes,Apple,2024-05-20 11:08:00
75,243,5,53,1,1,0,1,1,Fashion,Nike,2024-09-29 02:06:00
179,493,18,17,1,0,0,0,0,Beauty,Nike,2024-03-07 00:17:00
103,366,32,65,1,1,0,1,1,Sports,Adidas,2024-01-27 16:09:00
166,330,47,53,1,1,0,0,1,Electronics,Roadster,2024-06-20 10:49:00
192,107,25,50,0,1,1,1,1,Home,Zara,2024-10-24 00:06:00
38,226,30,66,1,0,1,1,0,Shoes,Titan,2024-04-13 18:57:00
50,313,53,12,1,0,1,1,0,Fashion,Boat,2024-10-16 05:52:00
98,218,42,47,0,1,0,1,0,Electronics,Apple,2024-09-21 09:10:00
82,425,56,24,0,0,0,1,0,Home,Adidas,2024-08-12 21:40:00
30,241,7,94,1,1,0,1,0,Electronics,Zara,2024-08-31 22:56:00
79,259,22,43,1,1,1,0,0,Home,Roadster,2024-01-19 07:42:00
91,376,42,89,0,0,1,0,1,Sports,Zara,2024-02-23 05:55:00
179,262,58,53,1,1,0,1,0,Beauty,Zara,2024-12-06 20:12:00
191,5,46,68,1,0,0,0,0,Electronics,Apple,2024-01-16 13:39:00
52,261,3,66,1,1,1,1,1,Electronics,Adidas,2024-12-03 20:57:00
166,54,59,58,1,0,1,0,0,Electronics,H&M,2024-02-26 09:58:00
79,47,32,13,0,1,1,1,1,Beauty,Samsung,2024-06-05 19:45:00
30,215,23,92,0,1,0,0,1,Fashion,Titan,2024-04-28 07:23:00
106,177,22,41,0,0,0,1,0,Home,Adidas,2024-07-09 15:41:00
51,9,8,53,1,1,0,0,1,Sports,Boat,2024-12-12 23:11:00
81,99,24,45,1,1,1,1,1,Electronics,Zara,2024-08-10 05:52:00
133,20,20,21,1,0,1,0,1,Beauty,H&M,2024-01-25 10:09:00
29,378,10,92,1,1,0,1,1,Fashion,Apple,2024-02-13 04:22:00
132,241,41,25,1,0,0,1,0,Home,Puma,2024-09-03 06:20:00
138,61,34,55,0,1,1,1,1,Beauty,Titan,2024-07-30 09:13:00
184,379,35,63,1,0,0,0,0,Sports,Titan,2024-04-20 16:53:00
145,490,55,43,1,1,1,0,1,Sports,Samsung,2024-08-22 13:07:00
74,419,18,59,0,1,1,0,1,Home,Puma,2024-05-03 01:36:00
17,178,14,45,1,1,0,1,1,Electronics,Roadster,2024-11-11 23:08:00
84,338,40,43,0,0,1,0,0,Sports,Puma,2024-02-25 02:40:00
69,62,54,17,0,0,0,1,0,Fashion,Zara,2024-01-10 08:04:00
34,145,36,68,0,0,1,0,0,Beauty,Zara,2024-10-31 18:23:00
6,216,16,15,0,0,1,0,1,Fashion,Zara,2024-03-26 21:02:00
53,3,38,23,0,1,0,0,1,Electronics,Zara,2024-06-19 11:28:00
194,160,35,15,1,1,1,0,1,Fashion,Adidas,2024-03-09 15:23:00
126,227,25,81,0,0,0,1,1,Fashion,Titan,2024-07-08 15:58:00
43,486,52,50,0,0,0,0,0,Shoes,Puma,2024-03-18 21:10:00
115,269,47,49,1,0,1,0,1,Fashion,Titan,2024-10-26 17:19:00
111,120,4,5,1,1,0,1,0,Home,Boat,2024-06-27 05:00:00
151,381,43,44,0,0,0,1,1,Beauty,Puma,2024-03-06 20:26:00
183,495,23,23,1,0,0,0,0,Shoes,Adidas,2024-11-25 16:48:00
80,89,4,80,1,1,0,0,0,Beauty,Boat,2024-09-06 20:32:00
95,329,29,76,0,1,0,1,1,Beauty,Titan,2024-06-05 08:01:00
118,68,59,76,0,0,0,1,1,Electronics,Boat,2024-10-02 02:52:00
144,398,11,65,1,1,1,1,0,Electronics,Samsung,2024-10-05 16:13:00
8,357,3,16,0,0,0,0,1,Shoes,Boat,2024-07-26 09:14:00
132,98,13,65,0,1,1,0,1,Sports,Puma,2024-06-16 15:55:00
104,267,5,37,1,0,1,0,0,Electronics,Zara,2024-03-27 14:33:00
132,105,54,49,0,0,0,1,0,Electronics,Zara,2024-12-10 20:47:00
184,440,25,94,0,0,1,1,0,Electronics,Roadster,2024-02-08 14:52:00
25,323,28,96,0,0,1,1,0,Beauty,Titan,2024-03-10 18:34:00
195,123,6,73,0,1,0,0,1,Shoes,Samsung,2024-07-26 03:43:00
96,476,20,12,0,1,0,1,0,Beauty,Puma,2024-01-28 13:50:00
195,29,57,29,1,1,0,0,0,Home,Puma,2024-11-27 01:52:00
155,137,8,95,1,1,1,1,0,Beauty,Apple,2024-10-09 15:42:00
93,195,37,50,0,0,1,0,1,Home,Nike,2024-03-19 12:56:00
160,409,24,91,1,0,0,0,0,Fashion,Titan,2024-05-25 10:17:00
178,226,45,34,0,1,0,1,1,Fashion,Puma,2024-05-26 20:23:00
61,332,17,51,0,1,1,0,0,Home,H&M,2024-09-13 15:16:00
122,170,24,91,0,1,1,1,0,Home,Puma,2024-03-06 22:04:00
51,9,39,53,0,1,1,0,1,Beauty,Apple,2024-07-05 12:42:00
147,463,54,51,0,1,1,1,0,Home,Boat,2024-09-30 00:17:00
21,40,44,88,1,0,0,1,0,Shoes,Adidas,2024-07-25 17:08:00
5,25,14,86,1,0,1,0,1,Fashion,Adidas,2024-04-05 18:45:00
92,261,49,22,0,0,1,1,0,Fashion,H&M,2024-07-29 03:41:00
170,395,51,70,1,1,1,0,0,Sports,H&M,2024-07-23 10:06:00
61,443,44,72,0,1,1,1,0,Home,Roadster,2024-01-13 17:20:00
22,226,40,98,1,1,0,1,0,Electronics,Adidas,2024-03-06 09:14:00
149,472,20,37,0,1,0,1,1,Electronics,Boat,2024-02-06 06:43:00
70,124,47,40,1,0,1,1,0,Home,Adidas,2024-05-02 16:47:00
1,463,37,86,0,0,1,0,1,Shoes,Nike,2024-10-12 02:48:00
133,38,32,23,0,1,0,1,0,Electronics,Titan,2024-02-20 13:53:00
12,328,26,32,1,0,0,1,1,Sports,Adidas,2024-03-05 21:56:00
90,251,44,44,1,0,1,0,0,Home,Zara,2024-03-20 13:20:00
46,389,32,88,0,1,1,0,1,Shoes,Roadster,2024-10-02 06:59:00
34,176,16,80,1,1,0,0,0,Shoes,Apple,2024-07-28 07:31:00
177,90,8,19,0,1,0,0,1,Beauty,H&M,2024-01-27 08:21:00
78,402,5,45,1,1,0,0,1,Shoes,Nike,2024-08-27 13:13:00
45,454,18,43,1,1,0,0,0,Electronics,H&M,2024-01-18 14:48:00
155,37,9,6,0,1,0,1,1,Electronics,Roadster,2024-08-23 15:30:00
73,316,54,67,1,0,0,0,0,Home,Puma,2024-07-22 13:28:00
26,176,16,33,1,0,1,1,0,Home,Nike,2024-10-29 04:37:00
47,461,11,78,0,1,0,0,0,Shoes,Samsung,2024-05-21 15:50:00
121,284,17,70,1,0,0,1,0,Sports,Nike,2024-11-05 15:39:00
56,453,23,55,0,1,0,1,0,Fashion,Roadster,2024-06-27 19:21:00
94,461,37,79,0,1,0,1,1,Beauty,Apple,2024-01-01 13:21:00
107,81,4,81,0,1,1,0,0,Fashion,Nike,2024-03-14 23:38:00
63,114,29,14,0,1,1,0,0,Shoes,Roadster,2024-09-16 23:05:00
48,40,4,18,0,0,0,0,0,Shoes,Boat,2024-08-03 08:29:00
61,301,37,86,1,1,1,0,0,Fashion,Titan,2024-02-29 05:09:00
81,224,20,55,0,0,1,1,0,Beauty,Adidas,2024-06-25 05:25:00
26,318,16,77,0,1,1,0,0,Fashion,Boat,2024-10-06 23:45:00
36,349,22,43,1,1,1,1,1,Home,Roadster,2024-07-26 00:33:00
1,115,20,32,1,1,1,1,1,Electronics,Zara,2024-11-26 04:45:00
8,186,12,7,1,0,1,0,0,Sports,Puma,2024-10-22 14:25:00
113,323,27,88,0,1,0,0,1,Home,Adidas,2024-03-04 15:59:00
99,56,4,74,0,1,0,0,0,Electronics,Zara,2024-04-18 20:57:00
180,40,27,31,0,1,0,1,0,Sports,Apple,2024-05-12 21:35:00
47,354,56,6,1,0,0,0,0,Sports,H&M,2024-07-20 17:47:00
127,40,35,97,0,0,0,1,0,Sports,Samsung,2024-04-22 08:32:00
56,347,38,42,1,0,1,0,0,Shoes,Adidas,2024-10-06 23:48:00
14,461,33,7,0,1,0,1,1,Sports,Boat,2024-01-24 03:51:00
28,237,16,20,1,0,0,0,1,Beauty,Puma,2024-03-18 02:23:00
78,289,3,98,0,1,1,0,1,Fashion,Zara,2024-04-26 02:57:00
130,262,48,44,0,0,1,1,1,Beauty,Roadster,2024-03-02 01:48:00
109,216,18,6,0,0,0,0,0,Fashion,Adidas,2024-06-02 06:06:00
154,147,56,85,1,1,1,0,1,Home,H&M,2024-06-01 05:08:00
14,336,48,45,1,0,1,0,0,Home,Roadster,2024-08-09 02:19:00
187,168,54,16,0,1,1,0,1,Fashion,Zara,2024-07-11 08:39:00
56,92,5,39,0,1,1,0,1,Beauty,Puma,2024-10-25 04:25:00
115,353,37,69,0,0,0,0,1,Fashion,Nike,2024-06-30 17:17:00
7,59,43,59,1,1,1,0,1,Sports,H&M,2024-05-03 05:56:00
3,59,8,49,0,1,0,1,0,Shoes,Roadster,2024-04-14 14:41:00
111,304,27,83,0,0,0,1,1,Home,H&M,2024-03-27 20:34:00
151,169,15,94,0,0,1,0,1,Shoes,Apple,2024-06-29 14:38:00
107,269,55,89,0,1,1,0,0,Sports,Roadster,2024-02-07 19:17:00
18,363,36,66,1,0,1,0,0,Sports,Adidas,2024-11-02 18:02:00
38,45,10,53,1,1,0,1,1,Home,Nike,2024-04-18 21:30:00
115,345,23,99,0,1,1,1,0,Home,Nike,2024-10-04 18:28:00
15,181,36,29,0,0,1,0,0,Sports,Samsung,2024-03-03 18:50:00
192,170,6,27,1,0,1,1,0,Electronics,H&M,2024-01-14 16:51:00
119,356,27,28,1,0,1,0,1,Shoes,Boat,2024-04-08 01:23:00
28,191,17,42,0,0,1,0,0,Shoes,Nike,2024-08-16 02:28:00
39,155,6,32,1,1,0,0,1,Electronics,Nike,2024-05-08 14:09:00
185,422,47,25,1,1,1,0,1,Beauty,Apple,2024-08-26 19:04:00
17,188,14,58,0,0,1,1,1,Shoes,Titan,2024-09-06 00:17:00
86,7,34,22,1,0,1,1,1,Fashion,Apple,2024-07-03 01:13:00
126,133,34,40,1,1,0,0,0,Sports,Apple,2024-01-07 15:29:00
44,235,30,49,0,1,1,1,1,Sports,Titan,2024-08-30 14:17:00
25,45,15,77,0,1,0,1,0,Electronics,H&M,2024-05-23 13:49:00
145,314,33,57,1,1,0,0,1,Shoes,Roadster,2024-02-29 03:52:00
13,249,16,34,0,0,1,1,0,Beauty,Puma,2024-06-25 23:09:00
25,499,22,64,1,1,1,0,1,Shoes,Boat,2024-03-01 12:34:00
68,31,20,36,0,1,1,0,0,Sports,Nike,2024-05-24 19:42:00
138,23,31,71,1,0,0,0,1,Home,Samsung,2024-03-16 01:13:00
67,426,8,71,0,1,0,0,1,Fashion,Boat,2024-06-01 16:54:00
109,394,34,32,1,1,0,1,0,Electronics,Roadster,2024-07-06 07:56:00
146,160,31,48,1,0,0,0,1,Home,Titan,2024-02-05 20:44:00
111,363,45,83,1,0,0,1,1,Beauty,Boat,2024-01-23 06:29:00
111,437,4,45,0,0,0,0,1,Home,Nike,2024-08-26 19:25:00
34,158,25,67,0,1,1,0,0,Home,Boat,2024-10-19 01:07:00
111,39,21,27,1,1,1,1,1,Beauty,Puma,2024-08-08 20:41:00
8,415,33,79,1,0,0,0,1,Home,Titan,2024-04-10 16:46:00
